Item Name," Price ",Recipe Card,Set,Merchant,Buff,Category
Alligator Ranch Cutter Saddle,$0.00,1x @Perfect Alligator Skin,Trapper’s Saddle Collection,Trapper,"  • Core Stamina Drain Rate: -20%
  • Core Health Drain Rate: -24%
  • Stamina Drain Rate: -50%
  • Stamina Regeneration Rate: +22%
  • Speed/Acceleration Rate: +2",Saddle
Alligator Tooth Talisman,$40.00,"1x @Legendary Alligator Tooth
1x @Vintage Civil War Handcuffs
1x @Gold Jointed Bracelet",Fence’s Talisman Collection,Fence,Decreases Dead Eye Core Drain by 10%,Talisman
Arthur's Lodging Alligator Skull,$0.00,1x @Perfect Alligator Skin,Arthur's Lodging,Pearson,n/a,Camp
Arthur's Lodging Big Horn Ram Skull,$0.00,1x @Perfect Ram Carcass,Arthur's Lodging,Pearson,n/a,Camp
Arthur's Lodging Boar Skin Table Cover,$0.00,1x @Perfect Boar Pelt,Arthur's Lodging,Pearson,n/a,Camp
Arthur's Lodging Cougar Pelt Covered Chest,$0.00,2x @Perfect Cougar Pelt,Arthur's Lodging,Pearson,n/a,Camp
Arthur's Lodging Ox Hide Rug,$0.00,2x @Perfect Ox Hide,Arthur's Lodging,Pearson,n/a,Camp
Badger Mountain Hat,$26.00,1x @Perfect Badger Pelt,Trapper’s Hat Collection,Trapper,Slightly Warm,Hat
Badger Rifleman Gloves,$10.00,1x @Perfect Badger Pelt,The Night Wrangler,Trapper,Slightly Warm,Gloves
Batwing Chaps,$12.00,1x @Perfect Deer Pelt,Trapper’s Chaps Collection,Trapper,n/a,Chaps
Bear Batwing Chaps,$27.00,1x @Perfect Bear Pelt,Trapper’s Chaps Collection,Trapper,Reasonably Warm,Chaps
Bear Claw Talisman,$34.75,"1x @Legendary Bear Claw
1x @Silver Chain Bracelet
1x @Quartz Chunk",Fence’s Talisman Collection,Fence,Decreases Health Core Drain by 10%,Talisman
Bear Dakota Saddle,$0.00,1x @Perfect Bear Pelt,Trapper’s Saddle Collection,Trapper,"  • Core Stamina Drain Rate: -24%
  • Core Health Drain Rate: -20%
  • Stamina Drain Rate: -50%
  • Stamina Regeneration Rate: +22%
  • Speed/Acceleration Rate: +2",Saddle
Bear Fringed Shotgun Chaps,$38.00,1x @Perfect Black Bear Pelt,Trapper’s Chaps Collection,Trapper,Reasonably Warm,Chaps
Bear Grenadier Hat,$24.00,1x @Perfect Black Bear Pelt,Trapper’s Hat Collection,Trapper,Slightly Warm,Hat
Beaver Drifter Hat,$20.00,2x @Perfect Beaver Pelt,The Desperado,Trapper,n/a,Hat
Beaver Hunting Jacket,$21.00,"1x @Perfect Cow Hide
1x @Perfect Beaver Pelt",The Bounty Hunter,Trapper,Warm,Jacket
Beaver Mountain Hat,$28.00,1x @Perfect Beaver Pelt,Trapper’s Hat Collection,Trapper,Slightly Warm,Hat
Beaver Roping Saddle,$0.00,1x @Perfect Beaver Pelt,Trapper’s Saddle Collection,Trapper,"  • Core Stamina Drain Rate: -20%
  • Core Health Drain Rate: -26%
  • Stamina Drain Rate: -50%
  • Stamina Regeneration Rate: +24%
  • Speed/Acceleration Rate: +2",Saddle
Beaver Tooth Trinket,$18.25,1x @Legendary Beaver Tooth,Fence’s Trinket Collection,Fence,Slows Degradation for all weapons by 10%,Trinket
Billy Vest,$32.00,"2x @Perfect Armadillo Skin
1x @Perfect Goat Hide",The Desperado,Trapper,Slightly warm,Vest
Bison Gambler’s Hat,$18.00,"1x @Perfect Bison Pelt
4x @Robin Feather
4x @Oriole Feather",Trapper’s Hat Collection,Trapper,n/a,Hat
Bison Horn Talisman,$38.50,"1x @Legendary Bison Horn
1x @Abalone Shell Fragment
1x @Silver Earring",Fence’s Talisman Collection,Fence,Decreases Stamina Core Drain by 10%,Talisman
Boar & Bull Fowler Boots,$31.00,"1x @Perfect Ox Hide
1x @Perfect Boar Pelt",The Desperado,Trapper,Lightweight,Boots
Boar Fringed Shotgun Chaps,$25.00,2x @Perfect Boar Pelt,The Bronco Buster,Trapper,Lightweight,Chaps
Boar Mother Hubbard Saddle,$0.00,1x @Perfect Boar Pelt,Trapper’s Saddle Collection,Trapper,"  • Core Stamina Drain Rate: -20%
  • Core Health Drain Rate: -22%
  • Stamina Drain Rate: -50%
  • Stamina Regeneration Rate: +20%
  • Speed/Acceleration Rate: +2",Saddle
Boar Riding Gloves,$15.00,"1x @Perfect Boar Pelt
2x @Perfect Rabbit Pelt",The Bear Hunter,Trapper,Slightly warm,Gloves
Boar Tusk Talisman,$31.00,"1x @Legendary Boar Tusk
1x @Cobalt Petrified Wood
1x @Gold Earring",Fence’s Talisman Collection,Fence,Decreases Horse Health & Stamina Drain by 10%,Talisman
Buck Antler Trinket,$22.00,1x @Legendary Buck Antler,Fence’s Trinket Collection,Fence,Higher Quality Skinned Animal Parts,Trinket
Buck Riding Gloves,$5.00,1x @Perfect Buck Pelt,The Bounty Hunter,Trapper,Slightly warm,Gloves
Bull Fowler Boots,$29.00,"1x @Perfect Boar Pelt
1x @Perfect Bull Hide",The Beast of Prey,Trapper,Lightweight,Boots
Bull Fringed Shotgun Chaps,$18.00,1x @Perfect Bull Hide,The Marauder,Trapper,n/a,Chaps
Camp Tables Pronghorn Leather Table Tops,$0.00,2x @Perfect Pronghorn Hide,Camp Tables,Pearson,n/a,Camp
Chuck Wagon Pronghorn Skull,$0.00,1x @Perfect Pronghorn Carcass,Chuck Wagon,Pearson,n/a,Camp
Cougar Cutaway Coat,$39.00,"2x @Perfect Cougar Pelt
1x @Perfect Black Bear Pelt",The Night Wrangler,Trapper,Warm,Coat
Cougar Fang Trinket,$20.50,1x @Legendary Cougar Fang,Fence’s Trinket Collection,Fence,Increases Stamina XP bounus by 10%,Trinket
Cougar McClelland Saddle,$0.00,1x @Perfect Cougar Pelt,Trapper’s Saddle Collection,Trapper,"  • Core Stamina Drain Rate: -22%
  • Core Health Drain Rate: -20%
  • Stamina Drain Rate: -50%
  • Stamina Regeneration Rate: +20%
  • Speed/Acceleration Rate: +2",Saddle
Country Vest,$25.00,"1x @Perfect Buck Pelt
1x @Perfect Beaver Pelt",The Mountain Man,Trapper,Slightly warm,Vest
Coyote Fang Trinket,$21.25,1x @Legendary Coyote Fang,Fence’s Trinket Collection,Fence,Increases Dead Eye XP bonus by 10%,Trinket
Coyote Gambler’s Hat,$16.00,2x @Perfect Coyote Pelt,The Night Wrangler,Trapper,n/a,Hat
Coyote Scout Jacket,$20.00,"1x @Perfect Ox Hide
1x @Perfect Coyote Pelt",The Bronco Buster,Trapper,Warm,Jacket
Deer Cavalry Hat,$20.00,"1x @Perfect Deer Pelt
10x @Raven Feather",Trapper’s Hat Collection,Trapper,n/a,Hat
Deer Pelt Half Chaps,$9.00,1x @Perfect Deer Pelt,Trapper’s Chaps Collection,Trapper,n/a,Chaps
Elk Antler Trinket,$22.75,1x @Legendary Elk Antler,Fence’s Trinket Collection,Fence,Increases value of looted money by 10%,Trinket
Elk Flop Hat,$12.00,1x @Perfect Elk Pelt,The Bronco Buster,Trapper,n/a,Hat
Elk Fringed Shotgun Chaps,$21.00,1x @Perfect Elk Pelt,Trapper’s Chaps Collection,Trapper,n/a,Chaps
Elk Riding Gloves,$12.00,1x @Perfect Elk Pelt,The Mountain Man,Trapper,Slightly warm,Gloves
Fox Claw Trinket,$23.50,1x @Legendary Fox Claw,Fence’s Trinket Collection,Fence,Increases Eagle Eye time by 5 seconds,Trinket
Fox Mountain Hat,$30.00,1x @Perfect Fox Pelt,Trapper’s Hat Collection,Trapper,Slightly Warm,Hat
Gila Monster Gambler’s Hat,$16.00,"1x @Perfect Elk Pelt
1x @Perfect Gila Monster Skin",Trapper’s Hat Collection,Trapper,n/a,Hat
Glorious Accessory,$10.00,"1x @Oriole Feather
4x @Woodpecker Feather",Trapper’s Hat Collection,Trapper,n/a,Hat Accessory
Goat Flop Hat,$12.00,"1x @Perfect Pronghorn Hide
1x @Perfect Goat Hide",The Wrangler,Trapper,n/a,Hat
Grenadier Hat,$24.00,"1x @Perfect Muskrat Pelt
1x @Perfect Beaver Pelt",The Mountain Man,Trapper,Slightly warm,Hat
Hinterland Vest,$21.00,1x @Perfect Ram Hide,Trapper’s Vest Collection,Trapper,Slightly Warm,Vest
Homestead Accessory,$10.00,"1x @Chicken Feather
2x @Goose Feather",Trapper’s Hat Collection,Trapper,n/a,Hat Accessory
Huntsman Accessory,$10.00,"1x @Perfect Boar Pelt
1x @Hawk Feather
2x @Quail Feather",Trapper’s Hat Collection,Trapper,n/a,Hat Accessory
Huntsman Vest,$25.00,"1x @Perfect Sheep Hide
1x @Perfect Deer Pelt",The Bronco Buster,Trapper,Slightly warm,Vest
Iguana Big Valley Hat,$14.00,"1x @Perfect Cow Hide
1x @Perfect Iguana Skin",Trapper’s Hat Collection,Trapper,n/a,Hat
Iguana Range Gloves,$27.00,"1x @Perfect Collared Peccary Pig Pelt
2x @Perfect Iguana Skin",The Rattler,Trapper,Slightly warm,Gloves
Ingredients Satchel,$0.00,"1x @Perfect Deer Pelt
1x @Perfect Badger Pelt
1x @Perfect Squirrel Pelt",Pearson’s Satchel Collection,Pearson,Increases the carrying capacity of edible ingredients which can be used to craft Provisions and Tonics,Satchel
Javelina Half Chaps,$18.00,"1x @Perfect Collared Peccary Pig Pelt
1x @Perfect Snake Skin",The Rattler,Trapper,n/a,Chaps
Javelina Moccasins,$33.00,2x @Perfect Collared Peccary Pig Pelt,Trapper’s Boots Collection,Trapper,Reasonably Warm,Boots
John's Lodging Boar Skin Rug,$0.00,4x @Perfect Boar Pelt,John's Lodging,Pearson,n/a,Camp
Judicious Accessory,$10.00,"1x @Pheasant Feather
1x @Owl Feather",Trapper’s Hat Collection,Trapper,n/a,Hat Accessory
Kit Satchel,$0.00,"1x @Perfect Deer Pelt
1x @Perfect Elk Pelt
1x @Perfect Panther Pelt",Pearson’s Satchel Collection,Pearson,Increases the carrying capacity for all types of Kit equipment that will be used regularly,Satchel
Legend of the East Satchel,$0.00,"1x @Perfect Cougar Pelt
1x @Perfect Wolf Pelt
1x @Perfect Deer Pelt",Pearson’s Satchel Collection,Pearson,Greatly expands the carrying capacity for all item types,Satchel
Legendary Alligator Fowlers,$35.00,1x @Legendary Alligator Skin,The Death Roll,Trapper,Lightweight,Fowlers
Legendary Alligator Gambler’s Hat,$22.00,"1x @Legendary Alligator Skin
2x @Perfect Snake Skin",The Death Roll,Trapper,n/a,Hat
Legendary Alligator Vest,$35.00,1x @Legendary Alligator Skin,The Death Roll,Trapper,Lightweight,Vest
Legendary Bear Coat,$28.00,"1x @Legendary Bear Pelt
1x @Perfect Bison Pelt",The Bear Hunter,Trapper,Lightweight,Coat
Legendary Bear Head Hat,$40.00,1x @Legendary Bear Pelt,The Bear Hunter,Trapper,Slightly warm,Hat
Legendary Bear Roper,$34.00,"1x @Legendary Bear Pelt
1x @Perfect Bull Hide",The Bear Hunter,Trapper,Slightly warm,Roper
Legendary Beaver Cavalry Gloves,$18.00,1x @Legendary Beaver Pelt,The Dreamcatcher,Trapper,Slightly warm,Gloves
Legendary Beaver Flop Hat,$22.00,"1x @Legendary Beaver Pelt
1x @Legendary Boar Pelt
1x @Cardinal Feather",The Dreamcatcher,Trapper,n/a,Hat
Legendary Bison Batwing Chaps,$32.00,1x @Legendary Tatanka Bison Pelt,The Dreamcatcher,Trapper,Reasonably warm,Chaps
Legendary Bison Vest,$30.00,1x @Legendary Tatanka Bison Pelt,The Dreamcatcher,Trapper,Slightly warm,Vest
Legendary Boar & Bison Fowlers,$37.00,"1x @Legendary Boar Pelt
1x @Legendary Tatanka Bison Pelt",The Dreamcatcher,Trapper,Lightweight,Fowlers
Legendary Buck & Fox Range Gloves,$28.00,"1x @Legendary Buck Pelt
1x @Legendary Fox Pelt",The Trophy Buck,Trapper,Slightly warm,Gloves
Legendary Buck Vest,$26.00,"1x @Legendary Buck Pelt
1x @Perfect Ram Hide",The Trophy Buck,Trapper,Slightly warm,Vest
Legendary Cougar & Wolf Vest,$42.00,"1x @Legendary Cougar Pelt
1x @Legendary Wolf Pelt",The Beast of Prey,Trapper,Slightly warm,Vest
Legendary Cougar Flop Hat,$19.00,"1x @Legendary Cougar Pelt
2x @Turkey Feather",The Beast of Prey,Trapper,n/a,Hat
Legendary Cougar Riding Gloves,$20.00,"1x @Legendary Cougar Pelt
1x @Perfect Boar Pelt",The Beast of Prey,Trapper,Slightly warm,Gloves
Legendary Coyote Half Chaps,$20.00,"1x @Legendary Coyote Pelt
2x @Perfect Fox Pelt",The Huntsman,Trapper,Reasonably warm,Chaps
Legendary Coyote Mountain Hat,$23.00,"1x @Legendary Coyote Pelt
2x @Eagle Feather",The Huntsman,Trapper,n/a,Hat
Legendary Elk Half Chaps,$16.00,"1x @Legendary Elk Pelt
1x @Perfect Sheep Hide",The Ghost Bison,Trapper,n/a,Chaps
Legendary Elk Moccasins,$30.00,"1x @Legendary Elk Pelt
1x @Perfect Goat Hide",The Ghost Bison,Trapper,Lightweight,Moccasins
Legendary Elk Range Gloves,$13.00,1x @Legendary Elk Pelt,The Ghost Bison,Trapper,Slightly warm,Gloves
Legendary Fox Moccasins,$40.00,"1x @Perfect Elk Pelt
1x @Legendary Fox Pelt",The Trophy Buck,Trapper,Reasonably warm,Moccasins
Legendary Moose Hunting Jacket,$24.00,"1x @Legendary Moose Pelt
1x @Perfect Wolf Pelt",The Stalker,Trapper,Warm,Jacket
Legendary Moose Moccasins,$22.00,"1x @Legendary Moose Pelt
1x @Perfect Cow Hide",The Stalker,Trapper,Lightweight,Moccasins
Legendary Panther Cloak,$45.00,1x @Legendary Panther Pelt,The Death Roll,Trapper,Warm,Cloak
Legendary Panther Range Gloves,$30.00,"1x @Legendary Panther Pelt
1x @Perfect Gila Monster Skin",The Death Roll,Trapper,Slightly warm,Gloves
Legendary Pronghorn Coat,$35.00,"1x @Legendary Pronghorn Hide
1x @Perfect Moose Pelt",The Huntsman,Trapper,Warm,Coat
Legendary Pronghorn Range Gloves,$17.00,"1x @Legendary Pronghorn Hide
1x @Perfect Muskrat Pelt",The Huntsman,Trapper,Slightly warm,Gloves
Legendary Ram Batwing Chaps,$33.00,1x @Legendary Ram Hide,The Stalker,Trapper,Reasonably warm,Chaps
Legendary Ram Hat,$17.00,1x @Legendary Ram Hide,The Stalker,Trapper,n/a,Hat
Legendary Ram Rifleman Gloves,$12.00,"1x @Legendary Ram Hide
1x @Perfect Boar Pelt",The Stalker,Trapper,Slightly warm,Gloves
Legendary White Bison Coat,$29.00,1x @Legendary White Bison Pelt,The Ghost Bison,Trapper,Warm,Coat
Legendary White Bison Hat,$45.00,1x @Legendary White Bison Pelt,The Ghost Bison,Trapper,Slightly warm,Hat
Legendary Wolf Batwing Chaps,$34.00,"1x @Legendary Wolf Pelt
1x @Perfect Goat Hide",The Beast of Prey,Trapper,Reasonably warm,Chaps
Lion's Paw Trinket,$19.75,1x @Lion Paw,Fence’s Trinket Collection,Fence,Increases Stamina XP bonus by 10%,Trinket
Main Camp Campfire Log Seat Cover,$0.00,2x @Perfect Wolf Pelt,Main Campfire,Pearson,n/a,Camp
Main Camp Campfire Seat Cover,$0.00,"1x @Perfect Beaver Pelt
1x @Perfect Muskrat Pelt
1x @Perfect Fox Pelt",Main Campfire,Pearson,n/a,Camp
Main Camp Lean-to Hide Ground Cover,$0.00,1x @Perfect Cow Hide,Main Campfire,Pearson,n/a,Camp
Main Camp Moose Antlers,$0.00,1x @Moose Antler,Main Campfire,Pearson,n/a,Camp
Main Camp Snake Skin Banjo Head,$0.00,2x @Perfect Snake Skin,Main Campfire,Pearson,n/a,Camp
Main Camp Wolf Skull,$0.00,1x @Perfect Wolf Carcass,Main Campfire,Pearson,n/a,Camp
Majestic Accessory,$15.00,"4x @Rooster Feather
2x @Woodpecker Feather
2x @Songbird Feather",Trapper’s Hat Collection,Trapper,n/a,Hat Accessory
Materials Satchel,$0.00,"1x @Perfect Deer Pelt
1x @Perfect Boar Pelt
1x @Perfect Iguana Skin",Pearson’s Satchel Collection,Pearson,Increases the carrying capacity for mostly inedible Materials which can be used to craft a variety of items,Satchel
Moccasins,$17.00,1x @Perfect Buck Pelt,Trapper’s Boots Collection,Trapper,Lightweight,Boots
Moose Antler Trinket,$19.00,1x @Legendary Moose Antler,Fence’s Trinket Collection,Fence,Increases Heath XP by 10%,Trinket
Moose Batwing Chaps,$10.00,1x @Perfect Moose Pelt,Trapper’s Chaps Collection,Trapper,n/a,Chaps
Moose Half Chaps,$10.00,1x @Perfect Moose Pelt,The Night Wrangler,Trapper,n/a,Chaps
Moose Range Gloves,$22.00,1x @Perfect Moose Pelt,The Wrangler,Trapper,Slightly warm,Gloves
Muskrat Cavalry Hat,$15.00,"4x @Perfect Rabbit Pelt
1x @Perfect Muskrat Pelt",The Marauder,Trapper,n/a,Hat
Muskrat Half Chaps,$5.00,2x @Perfect Muskrat Pelt,Trapper’s Chaps Collection,Trapper,n/a,Chaps
Native Accessory,$10.00,"1x @Pheasant Feather
4x @Sparrow Feather
3x @Robin Feather",Trapper’s Hat Collection,Trapper,n/a,Hat Accessory
No Man’s Vest,$27.00,"1x @Perfect Panther Pelt
1x @Perfect Goat Hide",The Wrangler,Trapper,Slightly warm,Vest
Outdoorsmen Vest,$22.00,1x @Perfect Pronghorn Hide,The Rattler,Trapper,Slightly warm,Vest
Ox Fringed Shotgun Chaps,$15.00,1x @Perfect Ox Hide,Trapper’s Chaps Collection,Trapper,n/a,Chaps
Panther Trail Saddle,$0.00,1x @Perfect Panther Pelt,Trapper’s Saddle Collection,Trapper,"  • Core Stamina Drain Rate: -26%
  • Core Health Drain Rate: -20%
  • Stamina Drain Rate: -50%
  • Stamina Regeneration Rate: +24%
  • Speed/Acceleration Rate: +2",Saddle
Panther's Eye Trinket,$25.00,1x @Legendary Panther Eye,Fence’s Trinket Collection,Fence,Decreases Dead Eye drain by 10% for 3 seconds,Trinket
Pigskin Rifleman Gloves,$8.00,1x @Perfect Pig Hide,The Bronco Buster,Trapper,Slightly warm,Gloves
Pilgrim Accessory,$11.00,"1x @Turkey Feather
2x @Cedar Waxwing Feather
3x @Blue Jay Feather",Trapper’s Hat Collection,Trapper,n/a,Hat Accessory
Pioneer Accessory,$11.00,"3x @Turkey Feather
3x @Duck Feather
3x @Chicken Feather",Trapper’s Hat Collection,Trapper,n/a,Hat Accessory
Plantation Slouch Hat,$15.00,1x @Perfect Bison Pelt,The Bounty Hunter,Trapper,n/a,Hat
Principal Vest,$18.00,"1x @Perfect Cow Hide
1x @Perfect Deer Pelt",The Marauder,Trapper,n/a,Vest
Pronghorn Flop Hat,$12.00,"1x @Perfect Pronghorn Hide
4x @Perfect Opossum Pelt",Trapper’s Hat Collection,Trapper,n/a,Hat
Pronghorn Half Chaps,$7.00,1x @Perfect Pronghorn Hide,The Bounty Hunter,Trapper,n/a,Chaps
Pronghorn Horn Trinket,$24.50,1x @Legendary Pronghorn Horn,Fence’s Trinket Collection,Fence,Stops animals on Horse from spoiling,Trinket
Provisions Satchel,$0.00,"1x @Perfect Deer Pelt
1x @Perfect Bison Pelt
1x @Perfect Raccoon Pelt",Pearson’s Satchel Collection,Pearson,Increases the carrying capacity for all types of Provisions from store bought to cooked meals,Satchel
Pursuer Accessory,$13.00,"2x @Eagle Feather
2x @Pigeon Feather",Trapper’s Hat Collection,Trapper,n/a,Hat Accessory
Raccoon Mountain Hat,$21.00,"1x @Perfect Raccoon Pelt
1x @Perfect Beaver Pelt
2x @Hawk Feather",The Trophy Buck,Trapper,Slightly warm,Hat
Ram Horn Trinket,$17.50,1x @Legendary Ram Horn,Fence’s Trinket Collection,Fence,"Creeping Thyme, Oregano, Wild Mint - Yield x2",Trinket
Ram Shotgun Coat,$45.00,2x @Perfect Ram Hide,The Mountain Man,Trapper,Very warm,Coat
Ram Sombrero,$10.00,1x @Perfect Ram Hide,The Rattler,Trapper,n/a,Sombrero
Rat Flat Cap,$12.00,10x @Perfect Rat Pelt,Trapper’s Hat Collection,Trapper,Slightly Warm,Hat
Rat Infantry Hardee Hat,$17.00,"1x @Perfect Goat Hide
6x @Perfect Rat Pelt",Trapper’s Hat Collection,Trapper,n/a,Hat
Rattlesnake Vaquero Saddle,$0.00,10x @Perfect Snake Skin,Trapper’s Saddle Collection,Trapper,"  • Core Stamina Drain Rate: -24%
  • Core Health Drain Rate: -22%
  • Stamina Drain Rate: -50%
  • Stamina Regeneration Rate: +24%
  • Speed/Acceleration Rate: +2",Saddle
Raven Claw Talisman,$29.00,1x @Old Brass Compass,Fence’s Talisman Collection,Fence,Slows All Weapon Degradation by 20%,Talisman
Rococo Accessory,$15.00,"2x @Crow Feather
2x @Cardinal Feather",Trapper’s Hat Collection,Trapper,n/a,Hat Accessory
Rugged Wrangler Vest,$23.00,1x @Perfect Pig Hide,Trapper’s Vest Collection,Trapper,Slightly Warm,Vest
Rustic Vest,$23.00,1x @Perfect Cougar Pelt,Trapper’s Vest Collection,Trapper,Slightly Warm,Vest
Scavenger Accessory,$11.00,"1x @Vulture Feather
1x @Seagull Feather",Trapper’s Hat Collection,Trapper,n/a,Hat Accessory
Scout Camp Elk Antlers,$0.00,1x @Elk Antler,Scout Campfire,Pearson,n/a,Camp
Scout Camp Hanging Bones,$0.00,1x @Buck Antler,Scout Campfire,Pearson,n/a,Camp
Scout Camp Scout Fire Ground Cover,$0.00,2x @Perfect Goat Hide,Scout Campfire,Pearson,n/a,Camp
Sheep Batwing Chaps,$35.00,2x @Perfect Sheep Hide,Trapper’s Chaps Collection,Trapper,Reasonably Warm,Chaps
Sheepskin Vest,$20.00,2x @Perfect Sheep Hide,The Bounty Hunter,Trapper,Slightly warm,Vest
Skunk Mountain Hat,$23.00,1x @Perfect Skunk Pelt,Trapper’s Hat Collection,Trapper,Slightly Warm,Hat
Skunk Trapper Boots,$39.00,2x @Perfect Skunk Pelt,Trapper’s Boots Collection,Trapper,Reasonably Warm,Boots
Snake Bulldogger Hat,$23.00,"1x @Perfect Sheep Hide
1x @Perfect Snake Skin",Trapper’s Hat Collection,Trapper,n/a,Hat
Snake Skin Cavalry Gloves,$26.00,"1x @Perfect Boar Pelt
1x @Perfect Snake Skin",The Marauder,Trapper,Slightly warm,Gloves
Squirrel Flat Cap,$16.00,6x @Perfect Squirrel Pelt,Trapper’s Hat Collection,Trapper,Slightly Warm,Hat
Stalker Accessory,$13.00,"2x @Loon Feather
1x @Condor Feather
3x @Raven Feather",Trapper’s Hat Collection,Trapper,n/a,Hat Accessory
Tatanka Bison Horn Trinket,$16.75,1x @Legendary Tatanka Bison Horn,Fence’s Trinket Collection,Fence,Decrease received melee damage by 10%,Trinket
Tonics Satchel,$0.00,"1x @Perfect Deer Pelt
1x @Perfect Buck Pelt
1x @Perfect Elk Pelt",Pearson’s Satchel Collection,Pearson,Increases the carrying capacity for all types of Tonics from shop bought to crafted versions,Satchel
Trapper’s Cloak,$32.00,1x @Perfect Sheep Hide,The Wrangler,Trapper,Warm,Cloak
Two Toned Moccasins,$15.00,1x @Perfect Buck Pelt,The Wrangler,Trapper,Lightweight,Moccasins
Valuables Satchel,$0.00,"1x @Perfect Deer Pelt
1x @Perfect Beaver Pelt
1x @Perfect Rabbit Pelt",Pearson’s Satchel Collection,Pearson,Increases the carrying capacity for all types of Valuables that can be sold for cash,Satchel
Wilderness Vest,$28.00,"1x @Perfect Wolf Pelt
1x @Perfect Panther Pelt",The Night Wrangler,Trapper,Slightly warm,Vest
Winter Cavalry Gloves,$25.00,"1x @Perfect Rabbit Pelt
2x @Perfect Muskrat Pelt",The Desperado,Trapper,Slightly warm,Gloves
Wolf Coat,$25.00,"1x @Perfect Ram Hide
1x @Perfect Wolf Pelt",The Desperado,Trapper,Warm,Coat
Wolf Heart Trinket,$16.00,1x @Legendary Wolf Heart,Fence’s Trinket Collection,Fence,Consume 2x more alcohol before getting drunk,Trinket
Workman’s Pride Boots,$28.00,"1x @Perfect Cow Hide
1x @Perfect Goat Hide",The Huntsman,Trapper,Lightweight,Boots